season,name,position,team,played,won,draw,lost,gf,ga,gd,points
1991/1992,First Division 1991-1992,1,Leeds United,42,22,16,4,74,37,37,82
1991/1992,First Division 1991-1992,2,Manchester United,42,21,15,6,63,33,30,78
1991/1992,First Division 1991-1992,3,Sheffield Wednesday,42,21,12,9,62,49,13,75
1991/1992,First Division 1991-1992,4,Arsenal,42,19,15,8,81,46,35,72
1991/1992,First Division 1991-1992,5,Manchester City,42,20,10,12,61,48,13,70
1991/1992,First Division 1991-1992,6,Liverpool,42,16,16,10,47,40,7,64
1991/1992,First Division 1991-1992,7,Aston Villa,42,17,9,16,48,44,4,60
1991/1992,First Division 1991-1992,8,Nottingham Forest,42,16,11,15,60,58,2,59
1991/1992,First Division 1991-1992,9,Sheffield United,42,16,9,17,65,63,2,57
1991/1992,First Division 1991-1992,10,Crystal Palace,42,14,15,13,53,61,-8,57
1991/1992,First Division 1991-1992,11,Queens Park Rangers,42,12,18,12,48,47,1,54
1991/1992,First Division 1991-1992,12,Everton,42,13,14,15,52,51,1,53
1991/1992,First Division 1991-1992,13,Wimbledon,42,13,14,15,53,53,0,53
1991/1992,First Division 1991-1992,14,Chelsea,42,13,14,15,50,60,-10,53
1991/1992,First Division 1991-1992,15,Tottenham Hotspur ,42,15,7,20,58,63,-5,52
1991/1992,First Division 1991-1992,16,Southampton,42,14,10,18,39,55,-16,52
1991/1992,First Division 1991-1992,17,Oldham Athletic,42,14,9,19,63,67,-4,51
1991/1992,First Division 1991-1992,18,Norwich City,42,11,12,19,47,63,-16,45
1991/1992,First Division 1991-1992,19,Coventry City,42,11,11,20,35,44,-9,44
1991/1992,First Division 1991-1992,20,Luton Town,42,10,12,20,38,71,-33,42
1991/1992,First Division 1991-1992,21,Notts County,42,10,10,22,40,62,-22,40
1991/1992,First Division 1991-1992,22,West Ham United,42,9,11,22,37,59,-22,38
1990/1991,First Division 1990-1991,1,Arsenal,38,24,13,1,74,18,56,83
1990/1991,First Division 1990-1991,2,Liverpool,38,23,7,8,77,40,37,76
1990/1991,First Division 1990-1991,3,Crystal Palace,38,20,9,9,50,41,9,69
1990/1991,First Division 1990-1991,4,Leeds United,38,19,7,12,65,47,18,64
1990/1991,First Division 1990-1991,5,Manchester City,38,17,11,10,64,53,11,62
1990/1991,First Division 1990-1991,6,Manchester United,38,16,12,10,58,45,13,59
1990/1991,First Division 1990-1991,7,Wimbledon,38,14,14,10,53,46,7,56
1990/1991,First Division 1990-1991,8,Nottingham Forest,38,14,12,12,65,50,15,54
1990/1991,First Division 1990-1991,9,Everton,38,13,12,13,50,46,4,51
1990/1991,First Division 1990-1991,10,Tottenham Hotspur ,38,11,16,11,51,50,1,49
1990/1991,First Division 1990-1991,11,Chelsea,38,13,10,15,58,69,-11,49
1990/1991,First Division 1990-1991,12,Queens Park Rangers,38,12,10,16,44,53,-9,46
1990/1991,First Division 1990-1991,13,Sheffield United,38,13,7,18,36,55,-19,46
1990/1991,First Division 1990-1991,14,Southampton,38,12,9,17,58,69,-11,45
1990/1991,First Division 1990-1991,15,Norwich City,38,13,6,19,41,64,-23,45
1990/1991,First Division 1990-1991,16,Coventry City,38,11,11,16,42,49,-7,44
1990/1991,First Division 1990-1991,17,Aston Villa,38,9,14,15,46,58,-12,41
1990/1991,First Division 1990-1991,18,Luton Town,38,10,7,21,42,61,-19,37
1990/1991,First Division 1990-1991,19,Sunderland,38,8,10,20,38,60,-22,34
1990/1991,First Division 1990-1991,20,Derby County,38,5,9,24,37,75,-38,24
1989/1990,First Division 1989-1990,1,Liverpool,38,23,10,5,78,37,41,79
1989/1990,First Division 1989-1990,2,Aston Villa,38,21,7,10,57,38,19,70
1989/1990,First Division 1989-1990,3,Tottenham Hotspur ,38,19,6,13,59,47,12,63
1989/1990,First Division 1989-1990,4,Arsenal,38,18,8,12,54,38,16,62
1989/1990,First Division 1989-1990,5,Chelsea,38,16,12,10,58,50,8,60
1989/1990,First Division 1989-1990,6,Everton,38,17,8,13,57,46,11,59
1989/1990,First Division 1989-1990,7,Southampton,38,15,10,13,71,63,8,55
1989/1990,First Division 1989-1990,8,Wimbledon,38,13,16,9,47,40,7,55
1989/1990,First Division 1989-1990,9,Nottingham Forest,38,15,9,14,55,47,8,54
1989/1990,First Division 1989-1990,10,Norwich City,38,13,14,11,44,42,2,53
1989/1990,First Division 1989-1990,11,Queens Park Rangers,38,13,11,14,45,44,1,50
1989/1990,First Division 1989-1990,12,Coventry City,38,14,7,17,39,59,-20,49
1989/1990,First Division 1989-1990,13,Manchester United,38,13,9,16,46,47,-1,48
1989/1990,First Division 1989-1990,14,Manchester City,38,12,12,14,43,52,-9,48
1989/1990,First Division 1989-1990,15,Crystal Palace,38,13,9,16,42,66,-24,48
1989/1990,First Division 1989-1990,16,Derby County,38,13,7,18,43,40,3,46
1989/1990,First Division 1989-1990,17,Luton Town,38,10,13,15,43,57,-14,43
1989/1990,First Division 1989-1990,18,Sheffield Wednesday,38,11,10,17,35,51,-16,43
1989/1990,First Division 1989-1990,19,Charlton Athletic,38,7,9,22,31,57,-26,30
1989/1990,First Division 1989-1990,20,Millwall,38,5,11,22,39,65,-26,26
1988/1989,First Division 1988-1989,1,Arsenal,38,22,10,6,73,36,37,76
1988/1989,First Division 1988-1989,2,Liverpool,38,22,10,6,65,28,37,76
1988/1989,First Division 1988-1989,3,Nottingham Forest,38,17,13,8,64,43,21,64
1988/1989,First Division 1988-1989,4,Norwich City,38,17,11,10,48,45,3,62
1988/1989,First Division 1988-1989,5,Derby County,38,17,7,14,40,38,2,58
1988/1989,First Division 1988-1989,6,Tottenham Hotspur ,38,15,12,11,60,46,14,57
1988/1989,First Division 1988-1989,7,Coventry City,38,14,13,11,47,42,5,55
1988/1989,First Division 1988-1989,8,Everton,38,14,12,12,50,45,5,54
1988/1989,First Division 1988-1989,9,Queens Park Rangers,38,14,11,13,43,37,6,53
1988/1989,First Division 1988-1989,10,Millwall,38,14,11,13,47,52,-5,53
1988/1989,First Division 1988-1989,11,Manchester United,38,13,12,13,45,35,10,51
1988/1989,First Division 1988-1989,12,Wimbledon,38,14,9,15,50,46,4,51
1988/1989,First Division 1988-1989,13,Southampton,38,10,15,13,52,66,-14,45
1988/1989,First Division 1988-1989,14,Charlton Athletic,38,10,12,16,44,58,-14,42
1988/1989,First Division 1988-1989,15,Sheffield Wednesday,38,10,12,16,34,51,-17,42
1988/1989,First Division 1988-1989,16,Luton Town,38,10,11,17,42,52,-10,41
1988/1989,First Division 1988-1989,17,Aston Villa,38,9,13,16,45,56,-11,40
1988/1989,First Division 1988-1989,18,Middlesbrough,38,9,12,17,44,61,-17,39
1988/1989,First Division 1988-1989,19,West Ham United,38,10,8,20,37,62,-25,38
1988/1989,First Division 1988-1989,20,Newcastle United,38,7,10,21,32,63,-31,31
1987/1988,First Division 1987-1988,1,Liverpool,40,26,12,2,87,24,63,90
1987/1988,First Division 1987-1988,2,Manchester United,40,23,12,5,71,37,34,81
1987/1988,First Division 1987-1988,3,Nottingham Forest,40,20,13,7,67,36,31,73
1987/1988,First Division 1987-1988,4,Everton,40,19,13,8,53,27,26,70
1987/1988,First Division 1987-1988,5,Queens Park Rangers,40,19,10,11,47,37,10,67
1987/1988,First Division 1987-1988,6,Arsenal,40,18,12,10,58,39,19,66
1987/1988,First Division 1987-1988,7,Wimbledon,40,14,15,11,58,47,11,57
1987/1988,First Division 1987-1988,8,Newcastle United,40,14,14,12,55,53,2,56
1987/1988,First Division 1987-1988,9,Luton Town,40,14,11,15,56,57,-1,53
1987/1988,First Division 1987-1988,10,Coventry City,40,13,14,13,46,53,-7,53
1987/1988,First Division 1987-1988,11,Sheffield Wednesday,40,15,8,17,52,66,-14,53
1987/1988,First Division 1987-1988,12,Southampton,40,12,14,14,49,53,-4,50
1987/1988,First Division 1987-1988,13,Tottenham Hotspur ,40,12,11,17,38,48,-10,47
1987/1988,First Division 1987-1988,14,Norwich City,40,12,9,19,39,52,-13,45
1987/1988,First Division 1987-1988,15,Derby County,40,10,13,17,35,45,-10,43
1987/1988,First Division 1987-1988,16,West Ham United,40,9,15,16,40,52,-12,42
1987/1988,First Division 1987-1988,17,Charlton Athletic,40,9,15,16,38,52,-14,42
1987/1988,First Division 1987-1988,18,Chelsea,40,9,15,16,50,68,-18,42
1987/1988,First Division 1987-1988,19,Portsmouth,40,7,14,19,36,66,-30,35
1987/1988,First Division 1987-1988,20,Watford,40,7,11,22,27,51,-24,32
1987/1988,First Division 1987-1988,21,Oxford United,40,6,13,21,41,80,-39,31
1986/1987,First Division 1986-1987,1,Everton,42,26,8,8,75,29,46,86
1986/1987,First Division 1986-1987,2,Liverpool,42,22,9,11,70,43,27,75
1986/1987,First Division 1986-1987,3,Tottenham Hotspur ,42,21,8,13,68,43,25,71
1986/1987,First Division 1986-1987,4,Arsenal,42,20,10,12,58,35,23,70
1986/1987,First Division 1986-1987,5,Norwich City,42,17,17,8,53,51,2,68
1986/1987,First Division 1986-1987,6,Nottingham Forest,42,19,10,13,65,51,14,67
1986/1987,First Division 1986-1987,7,Wimbledon,42,19,9,14,57,49,8,66
1986/1987,First Division 1986-1987,8,Luton Town,42,18,11,13,46,46,0,65
1986/1987,First Division 1986-1987,9,Watford,42,18,9,15,67,54,13,63
1986/1987,First Division 1986-1987,10,Coventry City,42,17,11,14,50,46,4,62
1986/1987,First Division 1986-1987,11,Manchester United,42,14,14,14,52,45,7,56
1986/1987,First Division 1986-1987,12,Southampton,42,14,10,18,69,68,1,52
1986/1987,First Division 1986-1987,13,Sheffield Wednesday,42,13,13,16,58,59,-1,52
1986/1987,First Division 1986-1987,14,Chelsea,42,13,13,16,52,64,-12,52
1986/1987,First Division 1986-1987,15,West Ham United,42,14,10,18,52,67,-15,52
1986/1987,First Division 1986-1987,16,Newcastle United,42,13,11,18,49,64,-15,50
1986/1987,First Division 1986-1987,17,Queens Park Rangers,42,13,11,18,48,64,-16,50
1986/1987,First Division 1986-1987,18,Oxford United,42,11,13,18,44,69,-25,46
1986/1987,First Division 1986-1987,19,Charlton Athletic,42,11,11,20,45,55,-10,44
1986/1987,First Division 1986-1987,20,Leicester City,42,11,9,22,54,76,-22,42
1986/1987,First Division 1986-1987,21,Manchester City,42,8,15,19,36,56,-20,39
1986/1987,First Division 1986-1987,22,Aston Villa,42,8,12,22,45,79,-34,36
1985/1986,First Division 1985-1986,1,Liverpool,42,26,10,6,89,37,52,88
1985/1986,First Division 1985-1986,2,Everton,42,26,8,8,87,41,46,86
1985/1986,First Division 1985-1986,3,West Ham United,42,26,6,10,74,40,34,84
1985/1986,First Division 1985-1986,4,Manchester United,42,22,10,10,70,36,34,76
1985/1986,First Division 1985-1986,5,Sheffield Wednesday,42,21,10,11,63,54,9,73
1985/1986,First Division 1985-1986,6,Chelsea,42,20,11,11,57,56,1,71
1985/1986,First Division 1985-1986,7,Arsenal,42,20,9,13,49,47,2,69
1985/1986,First Division 1985-1986,8,Nottingham Forest,42,19,11,12,69,53,16,68
1985/1986,First Division 1985-1986,9,Luton Town,42,18,12,12,61,44,17,66
1985/1986,First Division 1985-1986,10,Tottenham Hotspur ,42,19,8,15,74,52,22,65
1985/1986,First Division 1985-1986,11,Newcastle United,42,17,12,13,67,72,-5,63
1985/1986,First Division 1985-1986,12,Watford,42,16,11,15,69,62,7,59
1985/1986,First Division 1985-1986,13,Queens Park Rangers,42,15,7,20,53,64,-11,52
1985/1986,First Division 1985-1986,14,Southampton,42,12,10,20,51,62,-11,46
1985/1986,First Division 1985-1986,15,Manchester City,42,11,12,19,43,57,-14,45
1985/1986,First Division 1985-1986,16,Aston Villa,42,10,14,18,51,67,-16,44
1985/1986,First Division 1985-1986,17,Coventry City,42,11,10,21,48,71,-23,43
1985/1986,First Division 1985-1986,18,Oxford United,42,10,12,20,62,80,-18,42
1985/1986,First Division 1985-1986,19,Leicester City,42,10,12,20,54,76,-22,42
1985/1986,First Division 1985-1986,20,Ipswich Town,42,11,8,23,32,55,-23,41
1985/1986,First Division 1985-1986,21,Birmingham City,42,8,5,29,30,73,-43,29
1985/1986,First Division 1985-1986,22,West Bromwich Albion,42,4,12,26,35,89,-54,24
1984/1985,First Division 1984-1985,1,Everton,42,28,6,8,88,43,45,90
1984/1985,First Division 1984-1985,2,Liverpool,42,22,11,9,68,35,33,77
1984/1985,First Division 1984-1985,3,Tottenham Hotspur ,42,23,8,11,78,51,27,77
1984/1985,First Division 1984-1985,4,Manchester United,42,22,10,10,77,47,30,76
1984/1985,First Division 1984-1985,5,Southampton,42,19,11,12,56,47,9,68
1984/1985,First Division 1984-1985,6,Chelsea,42,18,12,12,63,48,15,66
1984/1985,First Division 1984-1985,7,Arsenal,42,19,9,14,61,49,12,66
1984/1985,First Division 1984-1985,8,Sheffield Wednesday,42,17,14,11,58,45,13,65
1984/1985,First Division 1984-1985,9,Nottingham Forest,42,19,7,16,56,48,8,64
1984/1985,First Division 1984-1985,10,Aston Villa,42,15,11,16,60,60,0,56
1984/1985,First Division 1984-1985,11,Watford,42,14,13,15,81,71,10,55
1984/1985,First Division 1984-1985,12,West Bromwich Albion,42,16,7,19,58,62,-4,55
1984/1985,First Division 1984-1985,13,Luton Town,42,15,9,18,57,61,-4,54
1984/1985,First Division 1984-1985,14,Newcastle United,42,13,13,16,55,70,-15,52
1984/1985,First Division 1984-1985,15,Leicester City,42,15,6,21,65,73,-8,51
1984/1985,First Division 1984-1985,16,West Ham United,42,13,12,17,51,68,-17,51
1984/1985,First Division 1984-1985,17,Ipswich Town,42,13,11,18,46,57,-11,50
1984/1985,First Division 1984-1985,18,Coventry City,42,15,5,22,47,64,-17,50
1984/1985,First Division 1984-1985,19,Queens Park Rangers,42,13,11,18,53,72,-19,50
1984/1985,First Division 1984-1985,20,Norwich City,42,13,10,19,46,64,-18,49
1984/1985,First Division 1984-1985,21,Sunderland,42,10,10,22,40,62,-22,40
1984/1985,First Division 1984-1985,22,Stoke City,42,3,8,31,24,91,-67,17
1983/1984,First Division 1983-1984,1,Liverpool,42,22,14,6,73,32,41,80
1983/1984,First Division 1983-1984,2,Southampton,42,22,11,9,66,38,28,77
1983/1984,First Division 1983-1984,3,Nottingham Forest,42,22,8,12,76,45,31,74
1983/1984,First Division 1983-1984,4,Manchester United,42,20,14,8,71,41,30,74
1983/1984,First Division 1983-1984,5,Queens Park Rangers,42,22,7,13,67,37,30,73
1983/1984,First Division 1983-1984,6,Arsenal,42,18,9,15,74,60,14,63
1983/1984,First Division 1983-1984,7,Everton,42,16,14,12,44,42,2,62
1983/1984,First Division 1983-1984,8,Tottenham Hotspur ,42,17,10,15,64,65,-1,61
1983/1984,First Division 1983-1984,9,West Ham United,42,17,9,16,60,55,5,60
1983/1984,First Division 1983-1984,10,Aston Villa,42,17,9,16,59,61,-2,60
1983/1984,First Division 1983-1984,11,Watford,42,16,9,17,68,77,-9,57
1983/1984,First Division 1983-1984,12,Ipswich Town,42,15,8,19,55,57,-2,53
1983/1984,First Division 1983-1984,13,Sunderland,42,13,13,16,42,53,-11,52
1983/1984,First Division 1983-1984,14,Norwich City,42,12,15,15,48,49,-1,51
1983/1984,First Division 1983-1984,15,Leicester City,42,13,12,17,65,68,-3,51
1983/1984,First Division 1983-1984,16,Luton Town,42,14,9,19,53,66,-13,51
1983/1984,First Division 1983-1984,17,West Bromwich Albion,42,14,9,19,48,62,-14,51
1983/1984,First Division 1983-1984,18,Stoke City,42,13,11,18,44,63,-19,50
1983/1984,First Division 1983-1984,19,Coventry City,42,13,11,18,57,77,-20,50
1983/1984,First Division 1983-1984,20,Birmingham City,42,12,12,18,39,50,-11,48
1983/1984,First Division 1983-1984,21,Notts County,42,10,11,21,50,72,-22,41
1983/1984,First Division 1983-1984,22,Wolverhampton Wanderers,42,6,11,25,27,80,-53,29
1982/1983,First Division 1982-1983,1,Liverpool,42,24,10,8,87,37,50,82
1982/1983,First Division 1982-1983,2,Watford,42,22,5,15,74,57,17,71
1982/1983,First Division 1982-1983,3,Manchester United,42,19,13,10,56,38,18,70
1982/1983,First Division 1982-1983,4,Tottenham Hotspur ,42,20,9,13,65,50,15,69
1982/1983,First Division 1982-1983,5,Nottingham Forest,42,20,9,13,62,50,12,69
1982/1983,First Division 1982-1983,6,Aston Villa,42,21,5,16,62,50,12,68
1982/1983,First Division 1982-1983,7,Everton,42,18,10,14,66,48,18,64
1982/1983,First Division 1982-1983,8,West Ham United,42,20,4,18,68,62,6,64
1982/1983,First Division 1982-1983,9,Ipswich Town,42,15,13,14,64,50,14,58
1982/1983,First Division 1982-1983,10,Arsenal,42,16,10,16,58,56,2,58
1982/1983,First Division 1982-1983,11,West Bromwich Albion,42,15,12,15,51,49,2,57
1982/1983,First Division 1982-1983,12,Southampton,42,15,12,15,55,58,-3,57
1982/1983,First Division 1982-1983,13,Stoke City,42,16,9,17,53,64,-11,57
1982/1983,First Division 1982-1983,14,Norwich City,42,14,12,16,52,58,-6,54
1982/1983,First Division 1982-1983,15,Notts County,42,15,7,20,54,71,-17,52
1982/1983,First Division 1982-1983,16,Sunderland,42,12,14,16,48,61,-13,50
1982/1983,First Division 1982-1983,17,Birmingham City,42,12,14,16,40,55,-15,50
1982/1983,First Division 1982-1983,18,Luton Town,42,12,13,17,65,84,-19,49
1982/1983,First Division 1982-1983,19,Coventry City,42,13,9,20,48,59,-11,48
1982/1983,First Division 1982-1983,20,Manchester City,42,13,8,21,47,70,-23,47
1982/1983,First Division 1982-1983,21,Swansea City,42,10,11,21,51,69,-18,41
1982/1983,First Division 1982-1983,22,Brighton,42,9,13,20,38,68,-30,40
1981/1982,First Division 1981-1982,1,Liverpool,42,26,9,7,80,32,48,87
1981/1982,First Division 1981-1982,2,Ipswich Town,42,26,5,11,75,53,22,83
1981/1982,First Division 1981-1982,3,Manchester United,42,22,12,8,59,29,30,78
1981/1982,First Division 1981-1982,4,Tottenham Hotspur ,42,20,11,11,67,48,19,71
1981/1982,First Division 1981-1982,5,Arsenal,42,20,11,11,48,37,11,71
1981/1982,First Division 1981-1982,6,Swansea City,42,21,6,15,58,51,7,69
1981/1982,First Division 1981-1982,7,Southampton,42,19,9,14,72,67,5,66
1981/1982,First Division 1981-1982,8,Everton,42,17,13,12,56,50,6,64
1981/1982,First Division 1981-1982,9,West Ham United,42,14,16,12,66,57,9,58
1981/1982,First Division 1981-1982,10,Manchester City,42,15,13,14,49,50,-1,58
1981/1982,First Division 1981-1982,11,Aston Villa,42,15,12,15,55,53,2,57
1981/1982,First Division 1981-1982,12,Nottingham Forest,42,15,12,15,42,48,-6,57
1981/1982,First Division 1981-1982,13,Brighton,42,13,13,16,43,52,-9,52
1981/1982,First Division 1981-1982,14,Coventry City,42,13,11,18,56,62,-6,50
1981/1982,First Division 1981-1982,15,Notts County,42,13,8,21,61,69,-8,47
1981/1982,First Division 1981-1982,16,Birmingham City,42,10,14,18,53,61,-8,44
1981/1982,First Division 1981-1982,17,West Bromwich Albion,42,11,11,20,46,57,-11,44
1981/1982,First Division 1981-1982,18,Stoke City,42,12,8,22,44,63,-19,44
1981/1982,First Division 1981-1982,19,Sunderland,42,11,11,20,38,58,-20,44
1981/1982,First Division 1981-1982,20,Leeds United,42,10,12,20,39,61,-22,42
1981/1982,First Division 1981-1982,21,Wolverhampton Wanderers,42,10,10,22,32,63,-31,40
1981/1982,First Division 1981-1982,22,Middlesbrough,42,8,15,19,34,52,-18,39
1980/1981,First Division 1980-1981,1,Aston Villa,42,26,8,8,72,40,32,60
1980/1981,First Division 1980-1981,2,Ipswich Town,42,23,10,9,77,43,34,56
1980/1981,First Division 1980-1981,3,Arsenal,42,19,15,8,61,45,16,53
1980/1981,First Division 1980-1981,4,West Bromwich Albion,42,20,12,10,60,42,18,52
1980/1981,First Division 1980-1981,5,Liverpool,42,17,17,8,62,42,20,51
1980/1981,First Division 1980-1981,6,Southampton,42,20,10,12,76,56,20,50
1980/1981,First Division 1980-1981,7,Nottingham Forest,42,19,12,11,62,44,18,50
1980/1981,First Division 1980-1981,8,Manchester United,42,15,18,9,51,36,15,48
1980/1981,First Division 1980-1981,9,Leeds United,42,17,10,15,39,47,-8,44
1980/1981,First Division 1980-1981,10,Tottenham Hotspur ,42,14,15,13,70,68,2,43
1980/1981,First Division 1980-1981,11,Stoke City,42,12,18,12,51,60,-9,42
1980/1981,First Division 1980-1981,12,Manchester City,42,14,11,17,56,59,-3,39
1980/1981,First Division 1980-1981,13,Birmingham City,42,13,12,17,50,61,-11,38
1980/1981,First Division 1980-1981,14,Middlesbrough,42,16,5,21,53,61,-8,37
1980/1981,First Division 1980-1981,15,Everton,42,13,10,19,55,58,-3,36
1980/1981,First Division 1980-1981,16,Coventry City,42,13,10,19,48,68,-20,36
1980/1981,First Division 1980-1981,17,Sunderland,42,14,7,21,52,53,-1,35
1980/1981,First Division 1980-1981,18,Wolverhampton Wanderers,42,13,9,20,43,55,-12,35
1980/1981,First Division 1980-1981,19,Brighton,42,14,7,21,54,67,-13,35
1980/1981,First Division 1980-1981,20,Norwich City,42,13,7,22,49,73,-24,33
1980/1981,First Division 1980-1981,21,Leicester City,42,13,6,23,40,67,-27,32
1980/1981,First Division 1980-1981,22,Crystal Palace,42,6,7,29,47,83,-36,19
1979/1980,First Division 1979-1980,1,Liverpool,42,25,10,7,81,30,51,60
1979/1980,First Division 1979-1980,2,Manchester United,42,24,10,8,65,35,30,58
1979/1980,First Division 1979-1980,3,Ipswich Town,42,22,9,11,68,39,29,53
1979/1980,First Division 1979-1980,4,Arsenal,42,18,16,8,52,36,16,52
1979/1980,First Division 1979-1980,5,Nottingham Forest,42,20,8,14,63,43,20,48
1979/1980,First Division 1979-1980,6,Wolverhampton Wanderers,42,19,9,14,58,47,11,47
1979/1980,First Division 1979-1980,7,Aston Villa,42,16,14,12,51,50,1,46
1979/1980,First Division 1979-1980,8,Southampton,42,18,9,15,65,53,12,45
1979/1980,First Division 1979-1980,9,Middlesbrough,42,16,12,14,50,44,6,44
1979/1980,First Division 1979-1980,10,West Bromwich Albion,42,11,19,12,54,50,4,41
1979/1980,First Division 1979-1980,11,Leeds United,42,13,14,15,46,50,-4,40
1979/1980,First Division 1979-1980,12,Norwich City,42,13,14,15,58,66,-8,40
1979/1980,First Division 1979-1980,13,Crystal Palace,42,12,16,14,41,50,-9,40
1979/1980,First Division 1979-1980,14,Tottenham Hotspur ,42,15,10,17,52,62,-10,40
1979/1980,First Division 1979-1980,15,Coventry City,42,16,7,19,56,66,-10,39
1979/1980,First Division 1979-1980,16,Brighton,42,11,15,16,47,57,-10,37
1979/1980,First Division 1979-1980,17,Manchester City,42,12,13,17,43,66,-23,37
1979/1980,First Division 1979-1980,18,Stoke City,42,13,10,19,44,58,-14,36
1979/1980,First Division 1979-1980,19,Everton,42,9,17,16,43,51,-8,35
1979/1980,First Division 1979-1980,20,Bristol City,42,9,13,20,37,66,-29,31
1979/1980,First Division 1979-1980,21,Derby County,42,11,8,23,47,67,-20,30
1979/1980,First Division 1979-1980,22,Bolton Wanderers,42,5,15,22,38,73,-35,25
1978/1979,First Division 1978-1979,1,Liverpool,42,30,8,4,85,16,69,68
1978/1979,First Division 1978-1979,2,Nottingham Forest,42,21,18,3,61,26,35,60
1978/1979,First Division 1978-1979,3,West Bromwich Albion,42,24,11,7,72,35,37,59
1978/1979,First Division 1978-1979,4,Everton,42,17,17,8,52,40,12,51
1978/1979,First Division 1978-1979,5,Leeds United,42,18,14,10,70,52,18,50
1978/1979,First Division 1978-1979,6,Ipswich Town,42,20,9,13,63,49,14,49
1978/1979,First Division 1978-1979,7,Arsenal,42,17,14,11,61,48,13,48
1978/1979,First Division 1978-1979,8,Aston Villa,42,15,16,11,59,49,10,46
1978/1979,First Division 1978-1979,9,Manchester United,42,15,15,12,60,63,-3,45
1978/1979,First Division 1978-1979,10,Coventry City,42,14,16,12,58,68,-10,44
1978/1979,First Division 1978-1979,11,Tottenham Hotspur ,42,13,15,14,48,61,-13,41
1978/1979,First Division 1978-1979,12,Middlesbrough,42,15,10,17,57,50,7,40
1978/1979,First Division 1978-1979,13,Bristol City,42,15,10,17,47,51,-4,40
1978/1979,First Division 1978-1979,14,Southampton,42,12,16,14,47,53,-6,40
1978/1979,First Division 1978-1979,15,Manchester City,42,13,13,16,58,56,2,39
1978/1979,First Division 1978-1979,16,Norwich City,42,7,23,12,51,57,-6,37
1978/1979,First Division 1978-1979,17,Bolton Wanderers,42,12,11,19,54,75,-21,35
1978/1979,First Division 1978-1979,18,Wolverhampton Wanderers,42,13,8,21,44,68,-24,34
1978/1979,First Division 1978-1979,19,Derby County,42,10,11,21,44,71,-27,31
1978/1979,First Division 1978-1979,20,Queens Park Rangers,42,6,13,23,45,73,-28,25
1978/1979,First Division 1978-1979,21,Birmingham City,42,6,10,26,37,64,-27,22
1978/1979,First Division 1978-1979,22,Chelsea,42,5,10,27,44,92,-48,20
1977/1978,First Division 1977-1978,1,Nottingham Forest,42,25,14,3,69,24,45,64
1977/1978,First Division 1977-1978,2,Liverpool,42,24,9,9,65,34,31,57
1977/1978,First Division 1977-1978,3,Everton,42,22,11,9,76,45,31,55
1977/1978,First Division 1977-1978,4,Manchester City,42,20,12,10,74,51,23,52
1977/1978,First Division 1977-1978,5,Arsenal,42,21,10,11,60,37,23,52
1977/1978,First Division 1977-1978,6,West Bromwich Albion,42,18,14,10,62,53,9,50
1977/1978,First Division 1977-1978,7,Coventry City,42,18,12,12,75,62,13,48
1977/1978,First Division 1977-1978,8,Aston Villa,42,18,10,14,57,42,15,46
1977/1978,First Division 1977-1978,9,Leeds United,42,18,10,14,63,53,10,46
1977/1978,First Division 1977-1978,10,Manchester United,42,16,10,16,67,63,4,42
1977/1978,First Division 1977-1978,11,Birmingham City,42,16,9,17,55,60,-5,41
1977/1978,First Division 1977-1978,12,Derby County,42,14,13,15,54,59,-5,41
1977/1978,First Division 1977-1978,13,Norwich City,42,11,18,13,52,66,-14,40
1977/1978,First Division 1977-1978,14,Middlesbrough,42,12,15,15,42,54,-12,39
1977/1978,First Division 1977-1978,15,Wolverhampton Wanderers,42,12,12,18,51,64,-13,36
1977/1978,First Division 1977-1978,16,Chelsea,42,11,14,17,46,69,-23,36
1977/1978,First Division 1977-1978,17,Bristol City,42,11,13,18,49,53,-4,35
1977/1978,First Division 1977-1978,18,Ipswich Town,42,11,13,18,47,61,-14,35
1977/1978,First Division 1977-1978,19,Queens Park Rangers,42,9,15,18,47,64,-17,33
1977/1978,First Division 1977-1978,20,West Ham United,42,12,8,22,52,69,-17,32
1977/1978,First Division 1977-1978,21,Newcastle United,42,6,10,26,42,78,-36,22
1977/1978,First Division 1977-1978,22,Leicester City,42,5,12,25,26,70,-44,22
1976/1977,First Division 1976-1977,1,Liverpool,42,23,11,8,62,33,29,57
1976/1977,First Division 1976-1977,2,Manchester City,42,21,14,7,60,34,26,56
1976/1977,First Division 1976-1977,3,Ipswich Town,42,22,8,12,66,39,27,52
1976/1977,First Division 1976-1977,4,Aston Villa,42,22,7,13,76,50,26,51
1976/1977,First Division 1976-1977,5,Newcastle United,42,18,13,11,64,49,15,49
1976/1977,First Division 1976-1977,6,Manchester United,42,18,11,13,71,62,9,47
1976/1977,First Division 1976-1977,7,West Bromwich Albion,42,16,13,13,62,56,6,45
1976/1977,First Division 1976-1977,8,Arsenal,42,16,11,15,64,59,5,43
1976/1977,First Division 1976-1977,9,Everton,42,14,14,14,62,64,-2,42
1976/1977,First Division 1976-1977,10,Leeds United,42,15,12,15,48,51,-3,42
1976/1977,First Division 1976-1977,11,Leicester City,42,12,18,12,47,60,-13,42
1976/1977,First Division 1976-1977,12,Middlesbrough,42,14,13,15,40,45,-5,41
1976/1977,First Division 1976-1977,13,Birmingham City,42,13,12,17,63,61,2,38
1976/1977,First Division 1976-1977,14,Queens Park Rangers,42,13,12,17,47,52,-5,38
1976/1977,First Division 1976-1977,15,Derby County,42,9,19,14,50,55,-5,37
1976/1977,First Division 1976-1977,16,Norwich City,42,14,9,19,47,64,-17,37
1976/1977,First Division 1976-1977,17,West Ham United,42,11,14,17,46,65,-19,36
1976/1977,First Division 1976-1977,18,Bristol City,42,11,13,18,38,48,-10,35
1976/1977,First Division 1976-1977,19,Coventry City,42,10,15,17,48,59,-11,35
1976/1977,First Division 1976-1977,20,Sunderland,42,11,12,19,46,54,-8,34
1976/1977,First Division 1976-1977,21,Stoke City,42,10,14,18,28,51,-23,34
1976/1977,First Division 1976-1977,22,Tottenham Hotspur ,42,12,9,21,48,72,-24,33
1975/1976,First Division 1975-1976,1,Liverpool,42,23,14,5,66,31,35,60
1975/1976,First Division 1975-1976,2,Queens Park Rangers,42,24,11,7,67,33,34,59
1975/1976,First Division 1975-1976,3,Manchester United,42,23,10,9,68,42,26,56
1975/1976,First Division 1975-1976,4,Derby County,42,21,11,10,75,58,17,53
1975/1976,First Division 1975-1976,5,Leeds United,42,21,9,12,65,46,19,51
1975/1976,First Division 1975-1976,6,Ipswich Town,42,16,14,12,54,48,6,46
1975/1976,First Division 1975-1976,7,Leicester City,42,13,19,10,48,51,-3,45
1975/1976,First Division 1975-1976,8,Manchester City,42,16,11,15,64,46,18,43
1975/1976,First Division 1975-1976,9,Tottenham Hotspur ,42,14,15,13,63,63,0,43
1975/1976,First Division 1975-1976,10,Norwich City,42,16,10,16,58,58,0,42
1975/1976,First Division 1975-1976,11,Everton,42,15,12,15,60,66,-6,42
1975/1976,First Division 1975-1976,12,Stoke City,42,15,11,16,48,50,-2,41
1975/1976,First Division 1975-1976,13,Middlesbrough,42,15,10,17,46,45,1,40
1975/1976,First Division 1975-1976,14,Coventry City,42,13,14,15,47,57,-10,40
1975/1976,First Division 1975-1976,15,Newcastle United,42,15,9,18,71,62,9,39
1975/1976,First Division 1975-1976,16,Aston Villa,42,11,17,14,51,59,-8,39
1975/1976,First Division 1975-1976,17,Arsenal,42,13,10,19,47,53,-6,36
1975/1976,First Division 1975-1976,18,West Ham United,42,13,10,19,48,71,-23,36
1975/1976,First Division 1975-1976,19,Birmingham City,42,13,7,22,57,75,-18,30
1975/1976,First Division 1975-1976,20,Wolverhampton Wanderers,42,10,10,22,51,68,-17,30
1975/1976,First Division 1975-1976,21,Burnley,42,9,10,23,43,66,-23,28
1975/1976,First Division 1975-1976,22,Sheffield United,42,6,10,26,33,82,-49,22
1974/1975,First Division 1974-1975,1,Derby County,42,21,11,10,67,49,18,53
1974/1975,First Division 1974-1975,2,Liverpool,42,20,11,11,60,39,21,51
1974/1975,First Division 1974-1975,3,Ipswich Town,42,23,5,14,66,44,22,51
1974/1975,First Division 1974-1975,4,Everton,42,16,18,8,56,42,14,50
1974/1975,First Division 1974-1975,5,Stoke City,42,17,15,10,64,48,16,49
1974/1975,First Division 1974-1975,6,Sheffield United,42,18,13,11,58,51,7,49
1974/1975,First Division 1974-1975,7,Middlesbrough,42,18,12,12,54,40,14,48
1974/1975,First Division 1974-1975,8,Manchester City,42,18,10,14,54,54,0,46
1974/1975,First Division 1974-1975,9,Leeds United,42,16,13,13,57,49,8,45
1974/1975,First Division 1974-1975,10,Burnley,42,17,11,14,68,67,1,45
1974/1975,First Division 1974-1975,11,Queens Park Rangers,42,16,10,16,54,54,0,42
1974/1975,First Division 1974-1975,12,Wolverhampton Wanderers,42,14,11,17,57,54,3,39
1974/1975,First Division 1974-1975,13,West Ham United,42,13,13,16,58,59,-1,39
1974/1975,First Division 1974-1975,14,Coventry City,42,12,15,15,51,62,-11,39
1974/1975,First Division 1974-1975,15,Newcastle United,42,15,9,18,59,72,-13,39
1974/1975,First Division 1974-1975,16,Arsenal,42,13,11,18,47,49,-2,37
1974/1975,First Division 1974-1975,17,Birmingham City,42,14,9,19,53,61,-8,37
1974/1975,First Division 1974-1975,18,Leicester City,42,12,12,18,46,60,-14,36
1974/1975,First Division 1974-1975,19,Tottenham Hotspur ,42,13,8,21,52,63,-11,34
1974/1975,First Division 1974-1975,20,Luton Town,42,11,11,20,47,65,-18,33
1974/1975,First Division 1974-1975,21,Chelsea,42,9,15,18,42,72,-30,33
1974/1975,First Division 1974-1975,22,Carlisle United,42,12,5,25,43,59,-16,29
1973/1974,First Division 1973-1974,1,Leeds United,42,24,14,4,66,31,35,62
1973/1974,First Division 1973-1974,2,Liverpool,42,22,13,7,52,31,21,57
1973/1974,First Division 1973-1974,3,Derby County,42,17,14,11,52,42,10,48
1973/1974,First Division 1973-1974,4,Ipswich Town,42,18,11,13,67,58,9,47
1973/1974,First Division 1973-1974,5,Stoke City,42,15,16,11,54,42,12,46
1973/1974,First Division 1973-1974,6,Burnley,42,16,14,12,56,53,3,46
1973/1974,First Division 1973-1974,7,Everton,42,16,12,14,50,48,2,44
1973/1974,First Division 1973-1974,8,Queens Park Rangers,42,13,17,12,56,52,4,43
1973/1974,First Division 1973-1974,9,Leicester City,42,13,16,13,51,41,10,42
1973/1974,First Division 1973-1974,10,Arsenal,42,14,14,14,49,51,-2,42
1973/1974,First Division 1973-1974,11,Tottenham Hotspur ,42,14,14,14,45,50,-5,42
1973/1974,First Division 1973-1974,12,Wolverhampton Wanderers,42,13,15,14,49,49,0,41
1973/1974,First Division 1973-1974,13,Sheffield United,42,14,12,16,44,49,-5,40
1973/1974,First Division 1973-1974,14,Manchester City,42,14,12,16,39,46,-7,40
1973/1974,First Division 1973-1974,15,Newcastle United,42,13,12,17,49,48,1,38
1973/1974,First Division 1973-1974,16,Coventry City,42,14,10,18,43,54,-11,38
1973/1974,First Division 1973-1974,17,Chelsea,42,12,13,17,56,60,-4,37
1973/1974,First Division 1973-1974,18,West Ham United,42,11,15,16,55,60,-5,37
1973/1974,First Division 1973-1974,19,Birmingham City,42,12,13,17,52,64,-12,37
1973/1974,First Division 1973-1974,20,Southampton,42,11,14,17,47,68,-21,36
1973/1974,First Division 1973-1974,21,Manchester United,42,10,12,20,38,48,-10,32
1973/1974,First Division 1973-1974,22,Norwich City,42,7,15,20,37,62,-25,29
1972/1973,First Division 1972-1973,1,Liverpool,42,25,10,7,72,42,30,60
1972/1973,First Division 1972-1973,2,Arsenal,42,23,11,8,57,43,14,57
1972/1973,First Division 1972-1973,3,Leeds United,42,21,11,10,71,45,26,53
1972/1973,First Division 1972-1973,4,Ipswich Town,42,17,14,11,55,45,10,48
1972/1973,First Division 1972-1973,5,Wolverhampton Wanderers,42,18,11,13,66,54,12,47
1972/1973,First Division 1972-1973,6,West Ham United,42,17,12,13,67,53,14,46
1972/1973,First Division 1972-1973,7,Derby County,42,19,8,15,56,54,2,46
1972/1973,First Division 1972-1973,8,Tottenham Hotspur ,42,16,13,13,58,48,10,45
1972/1973,First Division 1972-1973,9,Newcastle United,42,16,13,13,60,51,9,45
1972/1973,First Division 1972-1973,10,Birmingham City,42,15,12,15,53,54,-1,42
1972/1973,First Division 1972-1973,11,Manchester City,42,15,11,16,57,60,-3,41
1972/1973,First Division 1972-1973,12,Chelsea,42,13,14,15,49,51,-2,40
1972/1973,First Division 1972-1973,13,Southampton,42,11,18,13,47,52,-5,40
1972/1973,First Division 1972-1973,14,Sheffield United,42,15,10,17,51,59,-8,40
1972/1973,First Division 1972-1973,15,Stoke City,42,14,10,18,61,56,5,38
1972/1973,First Division 1972-1973,16,Leicester City,42,10,17,15,40,46,-6,37
1972/1973,First Division 1972-1973,17,Everton,42,13,11,18,41,49,-8,37
1972/1973,First Division 1972-1973,18,Manchester United,42,12,13,17,44,60,-16,37
1972/1973,First Division 1972-1973,19,Coventry City,42,13,9,20,40,55,-15,35
1972/1973,First Division 1972-1973,20,Norwich City,42,11,10,21,36,63,-27,32
1972/1973,First Division 1972-1973,21,Crystal Palace,42,9,12,21,41,58,-17,30
1972/1973,First Division 1972-1973,22,West Bromwich Albion,42,9,10,23,38,62,-24,28
1971/1972,First Division 1971-1972,1,Derby County,42,24,10,8,69,33,36,58
1971/1972,First Division 1971-1972,2,Leeds United,42,24,9,9,73,31,42,57
1971/1972,First Division 1971-1972,3,Liverpool,42,24,9,9,64,30,34,57
1971/1972,First Division 1971-1972,4,Manchester City,42,23,11,8,77,45,32,57
1971/1972,First Division 1971-1972,5,Arsenal,42,22,8,12,58,40,18,52
1971/1972,First Division 1971-1972,6,Tottenham Hotspur ,42,19,13,10,63,42,21,51
1971/1972,First Division 1971-1972,7,Chelsea,42,18,12,12,58,49,9,48
1971/1972,First Division 1971-1972,8,Manchester United,42,19,10,13,69,61,8,48
1971/1972,First Division 1971-1972,9,Wolverhampton Wanderers,42,18,11,13,65,57,8,47
1971/1972,First Division 1971-1972,10,Sheffield United,42,17,12,13,61,60,1,46
1971/1972,First Division 1971-1972,11,Newcastle United,42,15,11,16,49,52,-3,41
1971/1972,First Division 1971-1972,12,Leicester City,42,13,13,16,41,46,-5,39
1971/1972,First Division 1971-1972,13,Ipswich Town,42,11,16,15,39,53,-14,38
1971/1972,First Division 1971-1972,14,West Ham United,42,12,12,18,47,51,-4,36
1971/1972,First Division 1971-1972,15,Everton,42,9,18,15,37,48,-11,36
1971/1972,First Division 1971-1972,16,West Bromwich Albion,42,12,11,19,42,54,-12,35
1971/1972,First Division 1971-1972,17,Stoke City,42,10,15,17,39,56,-17,35
1971/1972,First Division 1971-1972,18,Coventry City,42,9,15,18,44,67,-23,33
1971/1972,First Division 1971-1972,19,Southampton,42,12,7,23,52,80,-28,31
1971/1972,First Division 1971-1972,20,Crystal Palace,42,8,13,21,39,65,-26,29
1971/1972,First Division 1971-1972,21,Nottingham Forest,42,8,9,25,47,81,-34,25
1971/1972,First Division 1971-1972,22,Huddersfield Town,42,6,13,23,27,59,-32,25
1970/1971,First Division 1970-1971,1,Arsenal,42,29,7,6,71,29,42,65
1970/1971,First Division 1970-1971,2,Leeds United,42,27,10,5,72,30,42,64
1970/1971,First Division 1970-1971,3,Tottenham Hotspur ,42,19,14,9,54,33,21,52
1970/1971,First Division 1970-1971,4,Wolverhampton Wanderers,42,22,8,12,64,54,10,52
1970/1971,First Division 1970-1971,5,Liverpool,42,17,17,8,42,24,18,51
1970/1971,First Division 1970-1971,6,Chelsea,42,18,15,9,52,42,10,51
1970/1971,First Division 1970-1971,7,Southampton,42,17,12,13,56,44,12,46
1970/1971,First Division 1970-1971,8,Manchester United,42,16,11,15,65,66,-1,43
1970/1971,First Division 1970-1971,9,Derby County,42,16,10,16,56,54,2,42
1970/1971,First Division 1970-1971,10,Coventry City,42,16,10,16,37,38,-1,42
1970/1971,First Division 1970-1971,11,Manchester City,42,12,17,13,47,42,5,41
1970/1971,First Division 1970-1971,12,Newcastle United,42,14,13,15,44,46,-2,41
1970/1971,First Division 1970-1971,13,Stoke City,42,12,13,17,44,48,-4,37
1970/1971,First Division 1970-1971,14,Everton,42,12,13,17,54,60,-6,37
1970/1971,First Division 1970-1971,15,Huddersfield Town,42,11,14,17,40,49,-9,36
1970/1971,First Division 1970-1971,16,Nottingham Forest,42,14,8,20,42,61,-19,36
1970/1971,First Division 1970-1971,17,West Bromwich Albion,42,10,15,17,58,75,-17,35
1970/1971,First Division 1970-1971,18,Crystal Palace,42,12,11,19,39,57,-18,35
1970/1971,First Division 1970-1971,19,Ipswich Town,42,12,10,20,42,48,-6,34
1970/1971,First Division 1970-1971,20,West Ham United,42,10,14,18,47,60,-13,34
1970/1971,First Division 1970-1971,21,Burnley,42,7,13,22,29,63,-34,27
1970/1971,First Division 1970-1971,22,Blackpool,42,4,15,23,34,66,-32,23
1969/1970,First Division 1969-1970,1,Everton,42,29,8,5,72,34,38,66
1969/1970,First Division 1969-1970,2,Leeds United,42,21,15,6,84,49,35,57
1969/1970,First Division 1969-1970,3,Chelsea,42,21,13,8,70,50,20,55
1969/1970,First Division 1969-1970,4,Derby County,42,22,9,11,64,37,27,53
1969/1970,First Division 1969-1970,5,Liverpool,42,20,11,11,65,42,23,51
1969/1970,First Division 1969-1970,6,Coventry City,42,19,11,12,58,48,10,49
1969/1970,First Division 1969-1970,7,Newcastle United,42,17,13,12,57,35,22,47
1969/1970,First Division 1969-1970,8,Manchester United,42,14,17,11,66,61,5,45
1969/1970,First Division 1969-1970,9,Stoke City,42,15,15,12,56,52,4,45
1969/1970,First Division 1969-1970,10,Manchester City,42,16,11,15,55,48,7,43
1969/1970,First Division 1969-1970,11,Tottenham Hotspur ,42,17,9,16,54,55,-1,43
1969/1970,First Division 1969-1970,12,Arsenal,42,12,18,12,51,49,2,42
1969/1970,First Division 1969-1970,13,Wolverhampton Wanderers,42,12,16,14,55,57,-2,40
1969/1970,First Division 1969-1970,14,Burnley,42,12,15,15,56,61,-5,39
1969/1970,First Division 1969-1970,15,Nottingham Forest,42,10,18,14,50,71,-21,38
1969/1970,First Division 1969-1970,16,West Bromwich Albion,42,14,9,19,58,66,-8,37
1969/1970,First Division 1969-1970,17,West Ham United,42,12,12,18,51,60,-9,36
1969/1970,First Division 1969-1970,18,Ipswich Town,42,10,11,21,40,63,-23,31
1969/1970,First Division 1969-1970,19,Southampton,42,6,17,19,46,67,-21,29
1969/1970,First Division 1969-1970,20,Crystal Palace,42,6,15,21,34,68,-34,27
1969/1970,First Division 1969-1970,21,Sunderland,42,6,14,22,30,68,-38,26
1969/1970,First Division 1969-1970,22,Sheffield Wednesday,42,8,9,25,40,71,-31,25
1968/1969,First Division 1968-1969,1,Leeds United,42,27,13,2,66,26,40,67
1968/1969,First Division 1968-1969,2,Liverpool,42,25,11,6,63,24,39,61
1968/1969,First Division 1968-1969,3,Everton,42,21,15,6,77,36,41,57
1968/1969,First Division 1968-1969,4,Arsenal,42,22,12,8,56,27,29,56
1968/1969,First Division 1968-1969,5,Chelsea,42,20,10,12,73,53,20,50
1968/1969,First Division 1968-1969,6,Tottenham Hotspur ,42,14,17,11,61,51,10,45
1968/1969,First Division 1968-1969,7,Southampton,42,16,13,13,57,48,9,45
1968/1969,First Division 1968-1969,8,West Ham United,42,13,18,11,66,50,16,44
1968/1969,First Division 1968-1969,9,Newcastle United,42,15,14,13,61,55,6,44
1968/1969,First Division 1968-1969,10,West Bromwich Albion,42,16,11,15,64,67,-3,43
1968/1969,First Division 1968-1969,11,Manchester United,42,15,12,15,57,53,4,42
1968/1969,First Division 1968-1969,12,Ipswich Town,42,15,11,16,59,60,-1,41
1968/1969,First Division 1968-1969,13,Manchester City,42,15,10,17,64,55,9,40
1968/1969,First Division 1968-1969,14,Burnley,42,15,9,18,55,82,-27,39
1968/1969,First Division 1968-1969,15,Sheffield Wednesday,42,10,16,16,41,54,-13,36
1968/1969,First Division 1968-1969,16,Wolverhampton Wanderers,42,10,15,17,41,58,-17,35
1968/1969,First Division 1968-1969,17,Sunderland,42,11,12,19,43,67,-24,34
1968/1969,First Division 1968-1969,18,Nottingham Forest,42,10,13,19,45,57,-12,33
1968/1969,First Division 1968-1969,19,Stoke City,42,9,15,18,40,63,-23,33
1968/1969,First Division 1968-1969,20,Coventry City,42,10,11,21,46,64,-18,31
1968/1969,First Division 1968-1969,21,Leicester City,42,9,12,21,39,68,-29,30
1968/1969,First Division 1968-1969,22,Queens Park Rangers,42,4,10,28,39,95,-56,18
1967/1968,First Division 1967-1968,1,Manchester City,42,26,6,10,86,43,43,58
1967/1968,First Division 1967-1968,2,Manchester United,42,24,8,10,89,55,34,56
1967/1968,First Division 1967-1968,3,Liverpool,42,22,11,9,71,40,31,55
1967/1968,First Division 1967-1968,4,Leeds United,42,22,9,11,71,41,30,53
1967/1968,First Division 1967-1968,5,Everton,42,23,6,13,67,40,27,52
1967/1968,First Division 1967-1968,6,Chelsea,42,18,12,12,62,68,-6,48
1967/1968,First Division 1967-1968,7,Tottenham Hotspur ,42,19,9,14,70,59,11,47
1967/1968,First Division 1967-1968,8,West Bromwich Albion,42,17,12,13,75,62,13,46
1967/1968,First Division 1967-1968,9,Arsenal,42,17,10,15,60,56,4,44
1967/1968,First Division 1967-1968,10,Newcastle United,42,13,15,14,54,67,-13,41
1967/1968,First Division 1967-1968,11,Nottingham Forest,42,14,11,17,52,64,-12,39
1967/1968,First Division 1967-1968,12,West Ham United,42,14,10,18,73,69,4,38
1967/1968,First Division 1967-1968,13,Leicester City,42,13,12,17,64,69,-5,38
1967/1968,First Division 1967-1968,14,Burnley,42,14,10,18,64,71,-7,38
1967/1968,First Division 1967-1968,15,Sunderland,42,13,11,18,51,61,-10,37
1967/1968,First Division 1967-1968,16,Southampton,42,13,11,18,66,83,-17,37
1967/1968,First Division 1967-1968,17,Wolverhampton Wanderers,42,14,8,20,66,75,-9,36
1967/1968,First Division 1967-1968,18,Stoke City,42,14,7,21,50,73,-23,35
1967/1968,First Division 1967-1968,19,Sheffield Wednesday,42,11,12,19,51,63,-12,34
1967/1968,First Division 1967-1968,20,Coventry City,42,9,15,18,51,71,-20,33
1967/1968,First Division 1967-1968,21,Sheffield United,42,11,10,21,49,70,-21,32
1967/1968,First Division 1967-1968,22,Fulham,42,10,7,25,56,98,-42,27
1966/1967,First Division 1966-1967,1,Manchester United,42,24,12,6,84,45,39,60
1966/1967,First Division 1966-1967,2,Tottenham Hotspur ,42,24,8,10,71,48,23,56
1966/1967,First Division 1966-1967,3,Nottingham Forest,42,23,10,9,64,41,23,56
1966/1967,First Division 1966-1967,4,Leeds United,42,22,11,9,62,42,20,55
1966/1967,First Division 1966-1967,5,Liverpool,42,19,13,10,64,47,17,51
1966/1967,First Division 1966-1967,6,Everton,42,19,10,13,65,46,19,48
1966/1967,First Division 1966-1967,7,Arsenal,42,16,14,12,58,47,11,46
1966/1967,First Division 1966-1967,8,Leicester City,42,18,8,16,78,71,7,44
1966/1967,First Division 1966-1967,9,Chelsea,42,15,14,13,67,62,5,44
1966/1967,First Division 1966-1967,10,Sheffield United,42,16,10,16,52,59,-7,42
1966/1967,First Division 1966-1967,11,Sheffield Wednesday,42,14,13,15,56,47,9,41
1966/1967,First Division 1966-1967,12,Stoke City,42,17,7,18,63,58,5,41
1966/1967,First Division 1966-1967,13,West Bromwich Albion,42,16,7,19,77,73,4,39
1966/1967,First Division 1966-1967,14,Manchester City,42,12,15,15,43,52,-9,39
1966/1967,First Division 1966-1967,15,Burnley,42,15,9,18,66,76,-10,39
1966/1967,First Division 1966-1967,16,West Ham United,42,14,8,20,80,84,-4,36
1966/1967,First Division 1966-1967,17,Sunderland,42,14,8,20,58,72,-14,36
1966/1967,First Division 1966-1967,18,Fulham,42,11,12,19,71,83,-12,34
1966/1967,First Division 1966-1967,19,Southampton,42,14,6,22,74,92,-18,34
1966/1967,First Division 1966-1967,20,Newcastle United,42,12,9,21,39,81,-42,33
1966/1967,First Division 1966-1967,21,Aston Villa,42,11,7,24,54,85,-31,29
1966/1967,First Division 1966-1967,22,Blackpool,42,6,9,27,41,76,-35,21
1965/1966,First Division 1965-1966,1,Liverpool,42,26,9,7,79,34,45,61
1965/1966,First Division 1965-1966,2,Leeds United,42,23,9,10,79,38,41,55
1965/1966,First Division 1965-1966,3,Burnley,42,24,7,11,79,47,32,55
1965/1966,First Division 1965-1966,4,Manchester United,42,18,15,9,84,59,25,51
1965/1966,First Division 1965-1966,5,Chelsea,42,22,7,13,65,53,12,51
1965/1966,First Division 1965-1966,6,West Bromwich Albion,42,19,12,11,91,69,22,50
1965/1966,First Division 1965-1966,7,Leicester City,42,21,7,14,80,65,15,49
1965/1966,First Division 1965-1966,8,Tottenham Hotspur ,42,16,12,14,75,66,9,44
1965/1966,First Division 1965-1966,9,Sheffield United,42,16,11,15,56,59,-3,43
1965/1966,First Division 1965-1966,10,Stoke City,42,15,12,15,65,64,1,42
1965/1966,First Division 1965-1966,11,Everton,42,15,11,16,56,62,-6,41
1965/1966,First Division 1965-1966,12,West Ham United,42,15,9,18,70,83,-13,39
1965/1966,First Division 1965-1966,13,Blackpool,42,14,9,19,55,65,-10,37
1965/1966,First Division 1965-1966,14,Arsenal,42,12,13,17,62,75,-13,37
1965/1966,First Division 1965-1966,15,Newcastle United,42,14,9,19,50,63,-13,37
1965/1966,First Division 1965-1966,16,Sheffield Wednesday,42,14,8,20,56,66,-10,36
1965/1966,First Division 1965-1966,17,Aston Villa,42,15,6,21,69,80,-11,36
1965/1966,First Division 1965-1966,18,Nottingham Forest,42,14,8,20,56,72,-16,36
1965/1966,First Division 1965-1966,19,Sunderland,42,14,8,20,51,72,-21,36
1965/1966,First Division 1965-1966,20,Fulham,42,14,7,21,67,85,-18,35
1965/1966,First Division 1965-1966,21,Northampton,42,10,13,19,55,92,-37,33
1965/1966,First Division 1965-1966,22,Blackburn Rovers,42,8,4,30,57,88,-31,20
1964/1965,First Division 1964-1965,1,Manchester United,42,26,9,7,89,39,50,61
1964/1965,First Division 1964-1965,2,Leeds United,42,26,9,7,83,52,31,61
1964/1965,First Division 1964-1965,3,Chelsea,42,24,8,10,89,54,35,56
1964/1965,First Division 1964-1965,4,Everton,42,17,15,10,69,60,9,49
1964/1965,First Division 1964-1965,5,Nottingham Forest,42,17,13,12,71,67,4,47
1964/1965,First Division 1964-1965,6,Tottenham Hotspur ,42,19,7,16,87,71,16,45
1964/1965,First Division 1964-1965,7,Liverpool,42,17,10,15,67,73,-6,44
1964/1965,First Division 1964-1965,8,Sheffield Wednesday,42,16,11,15,57,55,2,43
1964/1965,First Division 1964-1965,9,West Ham United,42,19,4,19,82,71,11,42
1964/1965,First Division 1964-1965,10,Blackburn Rovers,42,16,10,16,83,79,4,42
1964/1965,First Division 1964-1965,11,Stoke City,42,16,10,16,67,66,1,42
1964/1965,First Division 1964-1965,12,Burnley,42,16,10,16,70,70,0,42
1964/1965,First Division 1964-1965,13,Arsenal,42,17,7,18,69,75,-6,41
1964/1965,First Division 1964-1965,14,West Bromwich Albion,42,13,13,16,70,65,5,39
1964/1965,First Division 1964-1965,15,Sunderland,42,14,9,19,64,74,-10,37
1964/1965,First Division 1964-1965,16,Aston Villa,42,16,5,21,57,82,-25,37
1964/1965,First Division 1964-1965,17,Blackpool,42,12,11,19,67,78,-11,35
1964/1965,First Division 1964-1965,18,Sheffield United,42,12,11,19,50,64,-14,35
1964/1965,First Division 1964-1965,19,Leicester City,42,11,13,18,69,85,-16,35
1964/1965,First Division 1964-1965,20,Fulham,42,11,12,19,60,78,-18,34
1964/1965,First Division 1964-1965,21,Wolverhampton Wanderers,42,13,4,25,59,89,-30,30
1964/1965,First Division 1964-1965,22,Birmingham City,42,8,11,23,64,96,-32,27
